{
  "config": {
    "n_qubits": 10,
    "n_layers": 2,
    "n_epochs": 30,
    "strategy": "ucb",
    "dataset": "wine"
  },
  "training_history": {
    "train_acc": [
      0.5054945054945055,
      0.4065934065934066,
      0.45054945054945056,
      0.4175824175824176,
      0.46153846153846156,
      0.4945054945054945,
      0.4945054945054945,
      0.42857142857142855,
      0.46153846153846156,
      0.5164835164835165,
      0.5164835164835165,
      0.4945054945054945,
      0.42857142857142855,
      0.4725274725274725,
      0.43956043956043955,
      0.45054945054945056,
      0.4945054945054945,
      0.46153846153846156,
      0.5824175824175825,
      0.4945054945054945,
      0.42857142857142855,
      0.4725274725274725,
      0.45054945054945056,
      0.4065934065934066,
      0.46153846153846156,
      0.5164835164835165,
      0.46153846153846156,
      0.4945054945054945,
      0.42857142857142855,
      0.4725274725274725
    ],
    "val_acc": [
      0.5641025641025641,
      0.358974358974359,
      0.5128205128205128,
      0.6153846153846154,
      0.358974358974359,
      0.4358974358974359,
      0.48717948717948717,
      0.46153846153846156,
      0.5641025641025641,
      0.6153846153846154,
      0.6153846153846154,
      0.48717948717948717,
      0.46153846153846156,
      0.4358974358974359,
      0.38461538461538464,
      0.4358974358974359,
      0.5128205128205128,
      0.6410256410256411,
      0.6153846153846154,
      0.48717948717948717,
      0.46153846153846156,
      0.4358974358974359,
      0.48717948717948717,
      0.358974358974359,
      0.5897435897435898,
      0.5384615384615384,
      0.5641025641025641,
      0.48717948717948717,
      0.46153846153846156,
      0.4358974358974359
    ],
    "config": [
      "PCA+angle",
      "PCA+amplitude",
      "Correlation+angle",
      "Correlation+amplitude",
      "MutualInfo+angle",
      "MutualInfo+amplitude",
      "Random+angle",
      "Random+amplitude",
      "Correlation+amplitude",
      "PCA+angle",
      "Correlation+angle",
      "Random+angle",
      "Random+amplitude",
      "MutualInfo+amplitude",
      "PCA+amplitude",
      "MutualInfo+angle",
      "PCA+angle",
      "Correlation+amplitude",
      "Correlation+angle",
      "Random+angle",
      "Random+amplitude",
      "MutualInfo+amplitude",
      "MutualInfo+angle",
      "PCA+amplitude",
      "Correlation+amplitude",
      "Correlation+angle",
      "PCA+angle",
      "Random+angle",
      "Random+amplitude",
      "MutualInfo+amplitude"
    ],
    "epoch_time": [
      3.163841724395752,
      3.10492205619812,
      3.1463005542755127,
      3.095839738845825,
      3.113931655883789,
      3.2615060806274414,
      3.1187853813171387,
      3.105543375015259,
      3.104696273803711,
      3.2424302101135254,
      3.1038718223571777,
      3.1359500885009766,
      3.255899667739868,
      3.0708744525909424,
      3.038048505783081,
      3.0847601890563965,
      3.0761020183563232,
      3.090351104736328,
      3.235671043395996,
      3.114082098007202,
      3.0731759071350098,
      3.0927720069885254,
      3.0835254192352295,
      3.2286617755889893,
      3.0762295722961426,
      3.0729758739471436,
      3.0808961391448975,
      3.0728721618652344,
      3.087656021118164,
      3.2336349487304688
    ]
  },
  "controller_stats": [
    {
      "configuration": "Correlation+amplitude",
      "mean_reward": 0.6025641025641026,
      "std_reward": 0.02866753817307425,
      "count": 4
    },
    {
      "configuration": "Correlation+angle",
      "mean_reward": 0.5705128205128205,
      "std_reward": 0.045778387362454195,
      "count": 4
    },
    {
      "configuration": "PCA+angle",
      "mean_reward": 0.5641025641025641,
      "std_reward": 0.036261886214694776,
      "count": 4
    },
    {
      "configuration": "Random+angle",
      "mean_reward": 0.48717948717948717,
      "std_reward": 0.0,
      "count": 4
    },
    {
      "configuration": "Random+amplitude",
      "mean_reward": 0.46153846153846156,
      "std_reward": 0.0,
      "count": 4
    },
    {
      "configuration": "MutualInfo+amplitude",
      "mean_reward": 0.4358974358974359,
      "std_reward": 0.0,
      "count": 4
    },
    {
      "configuration": "MutualInfo+angle",
      "mean_reward": 0.4273504273504274,
      "std_reward": 0.05268729917067501,
      "count": 3
    },
    {
      "configuration": "PCA+amplitude",
      "mean_reward": 0.36752136752136755,
      "std_reward": 0.012087295404898257,
      "count": 3
    }
  ],
  "total_time": 94.44182062149048
}