{
  "config": {
    "n_qubits": 10,
    "n_layers": 2,
    "n_epochs": 30,
    "noise_params": {
      "single_qubit_error": 0.01,
      "two_qubit_error": 0.015,
      "measurement_error": 0.02,
      "description": "Realistic NISQ (IBM/Google hardware)"
    }
  },
  "training_history": {
    "train_acc": [
      0.4065934065934066,
      0.4065934065934066,
      0.5604395604395604,
      0.43956043956043955,
      0.45054945054945056,
      0.5604395604395604,
      0.4945054945054945,
      0.42857142857142855,
      0.45054945054945056,
      0.5164835164835165,
      0.4835164835164835,
      0.5164835164835165,
      0.4945054945054945,
      0.42857142857142855,
      0.42857142857142855,
      0.38461538461538464,
      0.45054945054945056,
      0.5714285714285714,
      0.5494505494505495,
      0.4945054945054945,
      0.4945054945054945,
      0.42857142857142855,
      0.3956043956043956,
      0.5494505494505495,
      0.45054945054945056,
      0.5714285714285714,
      0.5494505494505495,
      0.4945054945054945,
      0.4945054945054945,
      0.42857142857142855
    ],
    "val_acc": [
      0.5128205128205128,
      0.38461538461538464,
      0.5128205128205128,
      0.6153846153846154,
      0.41025641025641024,
      0.48717948717948717,
      0.48717948717948717,
      0.46153846153846156,
      0.6666666666666666,
      0.5641025641025641,
      0.46153846153846156,
      0.46153846153846156,
      0.48717948717948717,
      0.46153846153846156,
      0.28205128205128205,
      0.3333333333333333,
      0.6153846153846154,
      0.5641025641025641,
      0.6410256410256411,
      0.48717948717948717,
      0.46153846153846156,
      0.46153846153846156,
      0.41025641025641024,
      0.46153846153846156,
      0.6153846153846154,
      0.5641025641025641,
      0.6410256410256411,
      0.48717948717948717,
      0.46153846153846156,
      0.46153846153846156
    ],
    "config": [
      "PCA+angle",
      "PCA+amplitude",
      "Correlation+angle",
      "Correlation+amplitude",
      "MutualInfo+angle",
      "MutualInfo+amplitude",
      "Random+angle",
      "Random+amplitude",
      "Correlation+amplitude",
      "PCA+angle",
      "Correlation+angle",
      "MutualInfo+amplitude",
      "Random+angle",
      "Random+amplitude",
      "MutualInfo+angle",
      "PCA+amplitude",
      "Correlation+amplitude",
      "PCA+angle",
      "Correlation+angle",
      "Random+angle",
      "MutualInfo+amplitude",
      "Random+amplitude",
      "PCA+amplitude",
      "MutualInfo+angle",
      "Correlation+amplitude",
      "PCA+angle",
      "Correlation+angle",
      "Random+angle",
      "MutualInfo+amplitude",
      "Random+amplitude"
    ],
    "epoch_time": [
      2.8971118927001953,
      2.9394681453704834,
      2.9436566829681396,
      2.687958240509033,
      2.918792247772217,
      2.904780149459839,
      2.667302131652832,
      2.9254534244537354,
      2.9316041469573975,
      2.670865058898926,
      2.9262030124664307,
      2.9340078830718994,
      2.904266834259033,
      2.654015064239502,
      2.935804843902588,
      2.9080822467803955,
      2.661069631576538,
      2.924192190170288,
      2.9197845458984375,
      2.6837291717529297,
      2.91265606880188,
      2.920919418334961,
      2.665721893310547,
      2.93247127532959,
      2.9131996631622314,
      2.661484718322754,
      2.9233944416046143,
      2.9472274780273438,
      2.66457462310791,
      2.9084980487823486
    ],
    "gate_count": [
      90,
      81,
      90,
      81,
      90,
      81,
      90,
      81,
      81,
      90,
      90,
      81,
      90,
      81,
      90,
      81,
      81,
      90,
      90,
      90,
      81,
      81,
      81,
      90,
      81,
      90,
      90,
      90,
      81,
      81
    ],
    "circuit_depth": [
      0,
      0,
      0,
      0,
      0,
      0,
      0,
      0,
      0,
      0,
      0,
      0,
      0,
      0,
      0,
      0,
      0,
      0,
      0,
      0,
      0,
      0,
      0,
      0,
      0,
      0,
      0,
      0,
      0,
      0
    ]
  },
  "controller_stats": [
    {
      "configuration": "Correlation+amplitude",
      "mean_reward": 0.6282051282051282,
      "std_reward": 0.022205779584216344,
      "count": 4
    },
    {
      "configuration": "Correlation+angle",
      "mean_reward": 0.5641025641025641,
      "std_reward": 0.07903094875601255,
      "count": 4
    },
    {
      "configuration": "PCA+angle",
      "mean_reward": 0.5512820512820513,
      "std_reward": 0.022205779584216392,
      "count": 4
    },
    {
      "configuration": "Random+angle",
      "mean_reward": 0.48717948717948717,
      "std_reward": 0.0,
      "count": 4
    },
    {
      "configuration": "MutualInfo+amplitude",
      "mean_reward": 0.46794871794871795,
      "std_reward": 0.011102889792108172,
      "count": 4
    },
    {
      "configuration": "Random+amplitude",
      "mean_reward": 0.46153846153846156,
      "std_reward": 0.0,
      "count": 4
    },
    {
      "configuration": "MutualInfo+angle",
      "mean_reward": 0.3846153846153846,
      "std_reward": 0.07548513560963972,
      "count": 3
    },
    {
      "configuration": "PCA+amplitude",
      "mean_reward": 0.37606837606837606,
      "std_reward": 0.031979977664734545,
      "count": 3
    }
  ],
  "total_time": 86.06023263931274
}