{
  "epoch": [
    0,
    1,
    2,
    3,
    4,
    5,
    6,
    7,
    8,
    9,
    10,
    11,
    12,
    13,
    14,
    15,
    16,
    17,
    18,
    19,
    20,
    21,
    22,
    23,
    24,
    25,
    26,
    27,
    28,
    29
  ],
  "config": [
    "PCA+angle",
    "PCA+amplitude",
    "Correlation+angle",
    "Correlation+amplitude",
    "MutualInfo+angle",
    "MutualInfo+amplitude",
    "Random+angle",
    "Random+amplitude",
    "PCA+angle",
    "Correlation+angle",
    "MutualInfo+angle",
    "Random+angle",
    "Random+amplitude",
    "PCA+amplitude",
    "MutualInfo+amplitude",
    "Correlation+amplitude",
    "PCA+angle",
    "Correlation+angle",
    "MutualInfo+angle",
    "Random+angle",
    "Random+amplitude",
    "PCA+amplitude",
    "MutualInfo+amplitude",
    "PCA+angle",
    "Correlation+amplitude",
    "Correlation+angle",
    "MutualInfo+angle",
    "Random+angle",
    "Random+amplitude",
    "PCA+angle"
  ],
  "train_accuracy": [
    0.765625,
    0.53125,
    0.6875,
    0.46875,
    0.734375,
    0.5,
    0.59375,
    0.265625,
    0.765625,
    0.6875,
    0.734375,
    0.59375,
    0.265625,
    0.53125,
    0.5,
    0.46875,
    0.765625,
    0.6875,
    0.734375,
    0.59375,
    0.265625,
    0.53125,
    0.5,
    0.765625,
    0.46875,
    0.6875,
    0.734375,
    0.59375,
    0.265625,
    0.765625
  ],
  "val_accuracy": [
    0.8125,
    0.5,
    0.75,
    0.3125,
    0.75,
    0.4375,
    0.625,
    0.5625,
    0.8125,
    0.75,
    0.75,
    0.625,
    0.5625,
    0.5,
    0.4375,
    0.3125,
    0.8125,
    0.75,
    0.75,
    0.625,
    0.5625,
    0.5,
    0.4375,
    0.8125,
    0.3125,
    0.75,
    0.75,
    0.625,
    0.5625,
    0.8125
  ],
  "reward": [
    0.8125,
    0.5,
    0.75,
    0.3125,
    0.75,
    0.4375,
    0.625,
    0.5625,
    0.8125,
    0.75,
    0.75,
    0.625,
    0.5625,
    0.5,
    0.4375,
    0.3125,
    0.8125,
    0.75,
    0.75,
    0.625,
    0.5625,
    0.5,
    0.4375,
    0.8125,
    0.3125,
    0.75,
    0.75,
    0.625,
    0.5625,
    0.8125
  ],
  "time": [
    5.150388956069946,
    4.304309844970703,
    4.724395990371704,
    4.743166923522949,
    4.745733976364136,
    4.484593868255615,
    4.7686309814453125,
    4.905270099639893,
    5.975743055343628,
    5.2262091636657715,
    5.789290904998779,
    5.353762865066528,
    4.963464736938477,
    4.667872905731201,
    5.1686389446258545,
    4.686723947525024,
    4.764578819274902,
    4.759108066558838,
    4.898974895477295,
    4.583168029785156,
    4.415175199508667,
    4.743202209472656,
    4.602427005767822,
    4.815263986587524,
    4.258031129837036,
    4.602031230926514,
    6.241134166717529,
    5.0051000118255615,
    4.252358913421631,
    4.577438831329346
  ],
  "total_time": 146.1766698360443
}