{
  "epoch": [
    0,
    1,
    2,
    3,
    4,
    5,
    6,
    7,
    8,
    9,
    10,
    11,
    12,
    13,
    14,
    15,
    16,
    17,
    18,
    19,
    20,
    21,
    22,
    23,
    24,
    25,
    26,
    27,
    28,
    29
  ],
  "config": [
    "PCA+angle",
    "PCA+amplitude",
    "Correlation+angle",
    "Correlation+amplitude",
    "MutualInfo+angle",
    "MutualInfo+amplitude",
    "Random+angle",
    "Random+amplitude",
    "PCA+angle",
    "Correlation+angle",
    "MutualInfo+angle",
    "Random+angle",
    "Random+amplitude",
    "PCA+amplitude",
    "MutualInfo+amplitude",
    "Correlation+amplitude",
    "PCA+angle",
    "Correlation+angle",
    "MutualInfo+angle",
    "Random+angle",
    "Random+amplitude",
    "PCA+amplitude",
    "MutualInfo+amplitude",
    "PCA+angle",
    "Correlation+amplitude",
    "Correlation+angle",
    "MutualInfo+angle",
    "Random+angle",
    "Random+amplitude",
    "PCA+angle"
  ],
  "train_accuracy": [
    0.765625,
    0.53125,
    0.6875,
    0.46875,
    0.734375,
    0.5,
    0.59375,
    0.265625,
    0.765625,
    0.6875,
    0.734375,
    0.59375,
    0.265625,
    0.53125,
    0.5,
    0.46875,
    0.765625,
    0.6875,
    0.734375,
    0.59375,
    0.265625,
    0.53125,
    0.5,
    0.765625,
    0.46875,
    0.6875,
    0.734375,
    0.59375,
    0.265625,
    0.765625
  ],
  "val_accuracy": [
    0.8125,
    0.5,
    0.75,
    0.3125,
    0.75,
    0.4375,
    0.625,
    0.5625,
    0.8125,
    0.75,
    0.75,
    0.625,
    0.5625,
    0.5,
    0.4375,
    0.3125,
    0.8125,
    0.75,
    0.75,
    0.625,
    0.5625,
    0.5,
    0.4375,
    0.8125,
    0.3125,
    0.75,
    0.75,
    0.625,
    0.5625,
    0.8125
  ],
  "reward": [
    0.8125,
    0.5,
    0.75,
    0.3125,
    0.75,
    0.4375,
    0.625,
    0.5625,
    0.8125,
    0.75,
    0.75,
    0.625,
    0.5625,
    0.5,
    0.4375,
    0.3125,
    0.8125,
    0.75,
    0.75,
    0.625,
    0.5625,
    0.5,
    0.4375,
    0.8125,
    0.3125,
    0.75,
    0.75,
    0.625,
    0.5625,
    0.8125
  ],
  "time": [
    4.580209970474243,
    4.284833669662476,
    4.5055460929870605,
    4.228845119476318,
    4.777496814727783,
    4.347803115844727,
    4.594759941101074,
    4.276370048522949,
    4.547132968902588,
    5.553039789199829,
    5.395596027374268,
    6.683899879455566,
    6.5903637409210205,
    4.982904672622681,
    4.6091368198394775,
    4.344790935516357,
    4.942137241363525,
    5.31501317024231,
    6.2345802783966064,
    5.037125110626221,
    4.58636474609375,
    4.670242071151733,
    4.565316915512085,
    5.321953058242798,
    4.714753866195679,
    5.021831750869751,
    4.749209880828857,
    4.785904169082642,
    5.3140809535980225,
    5.941340923309326
  ],
  "total_time": 149.5031340122223
}